'C1000148617',65
'C100045114',59
'C1000699316',52
'C1001065306',15
'C1002658784',58
'C1002759277',82
'C1004109477',74
'C1004300450',89
'C1004532392',38
'C1005126300',83
'C1005495267',62
'C1005806982',6
'C1006176917',81
'C1007572087',73
'C1007790716',83
'C1008918174',48
'C1009080922',85
'C100992504',106
'C10105795',85
'C1010589026',92
'C1010865894',84
'C1010936270',86
'C1011693897',74
'C1012876398',10
'C1013199152',71
'C1013313546',91
'C1014010834',91
'C1014124305',92
'C1014313887',98
'C1014347664',89
'C1014783484',37
'C1014847580',83
'C1017469037',89
'C1017941602',57
'C1018153896',70
'C1018388493',85
'C1018653381',74
'C1018783569',57
'C1018979501',55
'C1019071188',59
'C1019678929',55
'C1020019215',11
'C102010508',87
'C1020192133',62
'C1020355960',83
'C1021409246',90
'C1021896897',24
'C1022153336',91
'C1022530210',91
'C102256008',47
'C1022713215',100
'C102364766',92
'C1023694383',65
'C1023803355',84
'C1025104996',94
'C10263180',82
'C1027777422',100
'C1028143403',86
'C1028995887',33
'C1029994689',81
'C1030484150',88
'C1030975170',72
'C1031698099',82
'C1032319289',96
'C103240070',75
'C1032715879',87
'C1033416330',66
'C1033736586',84
'C1033848759',80
'C1034685704',82
'C1035154937',15
'C1035222482',85
'C1035581047',85
'C1035666255',76
'C1035681921',93
'C1036903280',16
'C1037161656',83
'C1037622786',83
'C1038215695',35
'C1038277619',67
'C1038329920',74
'C1038722314',75
'C1038733568',78
'C1038879380',84
'C1038996959',86
'C1039035065',81
'C1039390058',92
'C1039748502',76
'C103995111',10
'C1040272582',91
'C1040303644',94
'C1040405455',69
'C1040980271',90
'C1043282651',81
'C1043677034',74
'C104392148',89
'C1043944424',72
'C1045214627',80
'C1045324088',61
'C1045652139',80
'C1045850211',44
'C1046896257',74
'C1047374909',84
'C1047521541',84
'C1048588440',80
'C1048694975',76
'C1049562739',75
'C1049957303',73
'C105013970',76
'C1050458046',89
'C1050663079',87
'C1050807234',83
'C1051356798',95
'C1051682954',75
'C1051712338',84
'C1051985937',9
'C1053477622',94
'C1054818236',87
'C1055164842',93
'C1055224400',34
'C1056476734',83
'C1056640661',74
'C1057259459',75
'C1057285507',81
'C1057813963',80
'C1058213633',50
'C105845174',46
'C1058652489',96
'C1058785965',27
'C1059534096',88
'C1059874896',89
'C1060018471',82
'C1060120913',67
'C1060270098',89
'C1060470494',72
'C106333716',90
'C1063753312',88
'C106397937',92
'C1065812935',10
'C1066003783',5
'C1066456457',81
'C1067134113',85
'C1067165398',81
'C1067668919',65
'C1067734462',88
'C1068772542',80
'C106931168',39
'C1069635670',76
'C1069648311',72
'C1070277785',77
'C1070471979',99
'C107125195',79
'C1072166767',81
'C1072577677',84
'C1073067421',63
'C1073155388',84
'C1073865173',47
'C1074203200',80
'C107438779',91
'C10745331',82
'C1075692577',84
'C1075787773',88
'C1076053396',88
'C1076110991',54
'C1077245673',79
'C1078316853',87
'C1078351181',71
'C1078596280',89
'C1078619612',76
'C1079254393',79
'C1079965849',75
'C1080032135',63
'C1080719046',86
'C1080813886',44
'C1081618305',86
'C1081944543',78
'C1082301057',7
'C1082462651',90
'C1082594377',80
'C1082608644',85
'C108266856',93
'C1082732879',82
'C1082769360',59
'C1083375349',83
'C1083859927',84
'C1084001812',55
'C1084672760',86
'C1085056650',75
'C1085689043',83
'C1086957388',97
'C1087227796',77
'C1087747329',84
'C1087788850',74
'C1087943403',78
'C108794529',85
'C1088464518',87
'C1088768738',93
'C1088853847',42
'C108940648',93
'C1089789227',86
'C1089848865',79
'C1089903335',97
'C1090046399',88
'C1090528803',79
'C1090604904',84
'C1091680547',68
'C1091966081',71
'C1092512638',85
'C1092769857',92
'C1093060677',89
'C1093826151',89
'C1093842718',82
'C1095087737',67
'C1095241409',75
'C1095604325',90
'C1095821033',83
'C109617474',82
'C109634232',94
'C1096642744',54
'C1097812196',82
'C1098012335',65
'C1098443227',79
'C109947606',93
'C1100053869',82
'C1100276718',83
'C1100289413',68
'C1100337763',75
'C1100361227',66
'C1100510913',103
'C1100570635',75
'C1101213728',92
'C1101433185',59
'C1101633489',29
'C1101722853',97
'C1102156492',78
'C1102464953',79
'C1104044396',88
'C1104967901',78
'C1105086283',85
'C1107442215',91
'C1107580024',68
'C1108226372',77
'C1108787528',85
'C1108967401',93
'C1110919755',82
'C11116138',80
'C111217068',57
'C1112424232',80
'C1113166893',57
'C1114643543',88
'C1114685649',76
'C1116417172',66
'C111678629',36
'C1117259261',44
'C1117294574',77
'C1117403153',76
'C1118932469',84
'C1118984324',79
'C1120165888',41
'C1121327223',87
'C1122213892',89
'C1122303126',37
'C1122835446',84
'C1123042802',88
'C1123627503',81
'C1124449361',29
'C1124718683',32
'C1125132707',67
'C1125717761',71
'C1125832994',86
'C1126112663',86
'C1126297464',81
'C1127069069',88
'C1127607634',60
'C1127983201',91
'C1128349548',85
'C1128965136',89
'C1129111658',74
'C1129265408',90
'C1129461636',82
'C1129737137',77
'C1130259702',79
'C1130847219',77
'C1131883667',4
'C1132392725',40
'C1132565589',98
'C113294083',77
'C1133298590',65
'C1133386558',55
'C1133451243',73
'C1134229140',47
'C1134333439',71
'C1134533551',54
'C1134994937',95
'C1135201785',69
'C1135495199',78
'C1135867657',89
'C1136643517',87
'C1136761152',7
'C1136859577',94
'C1137292670',83
'C1139909458',84
'C1139944236',69
'C1140073765',79
'C1140809068',55
'C1141481813',95
'C1141524074',76
'C1141582476',92
'C1142118359',65
'C1142956269',37
'C1143297842',80
'C1143300850',80
'C1143401925',56
'C114388565',86
'C1145304322',86
'C11453786',91
'C1146143839',87
'C1147125608',97
'C1147973334',47
'C1148364854',101
'C1148635270',43
'C1148771999',75
'C1148772789',26
'C1149179033',86
'C1149495561',78
'C114981535',104
'C1149893807',50
'C1150646122',77
'C1151051721',101
'C1151600429',19
'C1151799720',85
'C1152092987',18
'C1152356495',86
'C1152835627',82
'C1153569753',91
'C1153792315',52
'C1153943594',91
'C1154612561',82
'C1154631581',88
'C1155259690',62
'C115540448',76
'C1155962240',83
'C115603187',92
'C1156188729',87
'C1156346576',88
'C1156399058',8
'C1156509589',81
'C1156672988',86
'C1156745710',6
'C1156808163',56
'C1156885344',97
'C1158029630',44
'C1158233054',85
'C1158646143',72
'C1158738757',98
'C1158752013',77
'C1158875335',75
'C1159034982',76
'C1159279360',64
'C1159406873',84
'C115986226',61
'C1160118068',78
'C1160421902',59
'C1161671147',82
'C1161927918',93
'C1161949399',95
'C1163388474',16
'C1163635747',37
'C1163804561',43
'C116386695',66
'C1164613439',79
'C1165343027',38
'C1165454845',83
'C1166075201',86
'C1166337448',87
'C1166355595',83
'C116665031',78
'C1166683343',82
'C11668910',59
'C1167781928',84
'C1169655012',90
'C1169771418',97
'C1170049298',57
'C117112395',79
'C1171394321',71
'C1171622243',87
'C1173530601',46
'C1174105749',94
'C1174217921',65
'C1174416804',87
'C1174735331',89
'C1175419672',91
'C1175684338',92
'C117577408',95
'C1175850429',59
'C1176114065',88
'C1177396126',80
'C1177478758',72
'C1177926954',47
'C1178005728',83
'C1178726445',78
'C1179217322',82
'C1179833140',94
'C1180570487',79
'C1180936672',78
'C1181615831',80
'C1182534509',86
'C1182825160',77
'C118437987',89
'C1186894186',98
'C1186953291',87
'C1187353931',70
'C1187702596',86
'C1187730955',67
'C1187799344',82
'C1187979419',82
'C118836015',83
'C1188590334',80
'C1189224644',71
'C1189231170',68
'C1189367947',90
'C1189752912',80
'C1190687128',32
'C1191069340',40
'C1191796691',85
'C1191832390',72
'C1192557067',71
'C119274188',73
'C1192754222',53
'C1192874833',76
'C1193034305',79
'C1193582671',55
'C1194290880',31
'C1194320883',89
'C119537158',71
'C1195893546',76
'C1196149230',81
'C1196357413',69
'C1196579721',93
'C1196611038',5
'C1196808546',80
'C1196915447',91
'C1197304790',90
'C1199767081',44
'C1199849921',74
'C1200227736',81
'C1200311106',61
'C1200336063',83
'C1200798307',94
'C1201696181',82
'C1201848792',80
'C1202775726',69
'C120279480',60
'C1202857292',80
'C1203244235',62
'C1204046804',83
'C1204610604',38
'C1204740969',81
'C1204780618',53
'C1204835011',4
'C1205257074',79
'C1206604144',91
'C120661238',91
'C1207205377',90
'C1207877529',87
'C1207935724',44
'C1208123566',72
'C1208164294',6
'C1209363182',85
'C1209651258',85
'C1209743372',82
'C1209838312',87
'C1210957250',84
'C1211514218',33
'C1212956427',82
'C1213002113',79
'C1213984358',57
'C1214229415',77
'C1214279601',80
'C1214582637',88
'C1214587699',81
'C1214628974',90
'C1214780453',92
'C1214826221',85
'C1214828746',50
'C1214929092',48
'C1214964999',75
'C1215440829',55
'C1215446912',64
'C1215468370',88
'C1216409727',82
'C1216867117',77
'C1216919532',56
'C121713128',91
'C121798652',91
'C1221114448',85
'C1222389110',84
'C122290547',79
'C1223439629',92
'C1224153830',87
'C1224222502',77
'C1225533078',89
'C1225568299',4
'C1225704566',93
'C1225717157',84
'C1226558289',83
'C1226947303',82
'C1227773968',95
'C1228110352',61
'C1228152586',37
'C1228157206',92
'C12284077',97
'C1229072215',94
'C1229114783',75
'C1229674572',80
'C1230747575',86
'C1231572628',58
'C1232356156',84
'C1232523772',82
'C1232725180',20
'C1233238493',94
'C1233360048',8
'C1233405214',23
'C123366357',71
'C1233802034',85
'C1233811793',3
'C1234264195',87
'C1234470601',81
'C1235359960',7
'C123623130',78
'C1236489588',91
'C1236503001',90
'C1236509536',97
'C1236533874',80
'C1237248073',11
'C1237272991',66
'C1237476993',36
'C1237709469',49
'C1238185596',83
'C1238755034',21
'C1238891395',72
'C1239061472',89
'C1239127666',18
'C1239154010',78
'C1239184141',27
'C1240209240',101
'C1240560903',31
'C1240746302',80
'C1242334684',57
'C1242643189',91
'C1242686524',35
'C1242770016',59
'C1245363669',89
'C124539163',48
'C1246760376',74
'C1248026439',73
'C1248053373',75
'C1249070059',54
'C1249352100',61
'C1249817283',95
'C125143024',90
'C1251749294',80
'C1253245889',62
'C1253760419',40
'C1254064510',84
'C1254696728',96
'C125481968',75
'C1255149927',84
'C1255221015',32
'C1255231772',84
'C1255236689',80
'C1255643141',81
'C1256072323',61
'C1256073744',93
'C1256908044',93
'C1257820473',97
'C1258211852',83
'C1258454385',77
'C1258725927',79
'C1258953485',83
'C1259046770',80
'C1259389151',27
'C1259760240',93
'C1261640227',83
'C1262879702',86
'C1263107170',76
'C1263267362',72
'C1263461120',91
'C1264224372',86
'C1264836741',92
'C126488680',90
'C126603077',89
'C12662072',78
'C1266329800',76
'C126638730',12
'C1267365709',92
'C1267410030',39
'C1267444276',88
'C1267749701',92
'C1267913176',80
'C1268275182',88
'C1269217373',56
'C1269288419',60
'C1269635185',94
'C1271484467',39
'C1271627744',33
'C1272188168',89
'C1272326382',84
'C1273015960',63
'C1273110804',74
'C1273564839',89
'C1273692645',67
'C1273885837',93
'C1274818444',71
'C1275053057',79
'C1275518867',141
'C1275741147',80
'C1276892406',81
'C1278181986',72
'C1279143519',86
'C1279668658',93
'C1279785305',74
'C128008012',78
'C1280960686',95
'C1281345721',11
'C1282114843',90
'C1282333137',31
'C1282628311',77
'C1283110336',86
'C1283534588',81
'C1284214182',48
'C1284327050',41
'C1284515419',73
'C1285086629',21
'C1287167517',84
'C128812892',75
'C1288983259',31
'C1289081546',81
'C1289219178',94
'C1289834917',18
'C1289997724',49
'C1290093162',93
'C1290724680',52
'C1292140369',87
'C1292770722',90
'C1293338142',85
'C1293338653',61
'C1293579037',89
'C129386345',87
'C1294166760',64
'C1295444668',86
'C129566217',94
'C1295945354',83
'C1296664552',71
'C1297100897',79
'C1297329735',44
'C1297358265',85
'C1297995542',85
'C1298891864',84
'C1299279378',71
'C1299368401',82
'C1299474405',83
'C1299496226',75
'C1299745394',53
'C130295904',79
'C1303226190',89
'C1303555047',89
'C1303695653',85
'C1303935849',71
'C1304285526',96
'C1304286493',77
'C1304555023',82
'C1304621872',77
'C1305161735',81
'C1305339250',94
'C1306889886',77
'C1307336396',75
'C1307916597',82
'C1308910127',54
'C1309027409',86
'C1309194397',87
'C1309403692',69
'C130979586',3
'C13098029',91
'C1311947724',62
'C131200254',94
'C1312448128',88
'C1312615175',78
'C131296547',79
'C1313060996',81
'C1314174420',55
'C131423135',52
'C1314533733',82
'C1314685160',96
'C1315400589',91
'C131559770',71
'C1316160034',75
'C1316262830',87
'C131682780',80
'C1316936887',71
'C1317710133',65
'C1318366224',64
'C131915922',91
'C1319350044',51
'C1320066686',92
'C1320820565',85
'C1321173882',76
'C1321650743',84
'C1321889892',80
'C132320296',71
'C132392875',79
'C1324001180',63
'C132520837',46
'C1325422547',46
'C1325638360',75
'C1326593353',54
'C1326829513',40
'C1327124397',85
'C1327677398',69
'C1329920992',35
'C1331123896',51
'C1331907286',82
'C1332125345',77
'C1332295774',24
'C1333401746',35
'C1333537680',82
'C1333661820',96
'C133401060',81
'C1334045764',64
'C1334227305',86
'C133432771',98
'C1334695551',67
'C1335108214',92
'C1336232196',84
'C1337135199',6
'C133764711',59
'C1337923906',87
'C1337948674',45
'C1338020899',92
'C1338125837',21
'C1338396147',106
'C1338572942',11
'C1338727022',79
'C1338932459',63
'C1339724832',26
'C1340235335',76
'C1340398290',79
'C1341159565',66
'C1341517098',86
'C1341583263',37
'C1341662543',76
'C1342037956',71
'C1342118588',84
'C1342849651',68
'C1343106500',77
'C1344489848',90
'C1345265337',91
'C1345586046',3
'C1346358504',64
'C1347371891',79
'C1348847019',69
'C1348957967',89
'C1349086787',63
'C1349106433',92
'C1349321790',72
'C1350068848',90
'C1350082938',80
'C1350409226',92
'C1350793893',71
'C1350963410',98
'C1351087312',43
'C1351458855',74
'C1352750459',44
'C1353625448',64
'C1353776547',66
'C1354206365',89
'C135434041',72
'C1354768768',43
'C1354799046',69
'C1354917220',74
'C1355010178',81
'C1355090926',58
'C1355273346',88
'C1355357191',56
'C1355509614',38
'C1356412685',90
'C135716487',77
'C1358079072',55
'C1358225719',74
'C1359092613',65
'C1359606474',84
'C1360225709',67
'C1360265061',18
'C1360481565',91
'C1360806205',29
'C1361037703',83
'C1361248894',30
'C1362652272',90
'C1362863442',80
'C1364381627',87
'C1365609574',77
'C136606306',71
'C1366869967',80
'C1367581052',74
'C1367987964',81
'C1368070837',88
'C1368210201',78
'C1368438034',78
'C1369559766',69
'C1370192017',85
'C1370556911',79
'C1370669821',72
'C1372042334',90
'C1372889664',75
'C1373640509',78
'C1373973501',71
'C1374011975',85
'C1374336520',83
'C1374422827',90
'C1374607221',86
'C1374783350',44
'C1375103798',88
'C1375316332',46
'C1375512856',60
'C1375956198',13
'C1376050027',91
'C1376256048',39
'C1376617526',81
'C137688853',66
'C1376957295',77
'C1377339988',74
'C1377736719',82
'C1378412230',88
'C1379018843',87
'C1379814778',89
'C137986193',74
'C1381700589',70
'C1382187685',44
'C1382480007',77
'C1383269171',95
'C1383337902',86
'C138375181',100
'C138445718',88
'C1385115265',76
'C1385354747',65
'C1385406679',81
'C1385780363',90
'C1386324281',62
'C1387070447',100
'C1387946894',51
'C1388726904',95
'C1388933025',54
'C1389003663',69
'C1389188684',58
'C1389311354',78
'C1389923471',82
'C1390331883',85
'C1392385769',83
'C1392676510',51
'C1394428191',93
'C1394454342',69
'C1394467199',26
'C1394931354',86
'C1395098424',93
'C1396527012',91
'C1396720108',82
'C1396904959',85
'C1396978257',77
'C1397554341',84
'C139784508',94
'C1398865038',86
'C1400128034',44
'C1400397779',74
'C1400578246',56
'C1401244511',9
'C1402203755',81
'C140234280',74
'C1402369177',16
'C1402381285',93
'C1403689550',86
'C1403935304',50
'C1404589205',77
'C1404665203',3
'C1404684380',77
'C1405664150',90
'C140648396',51
'C1407087523',40
'C1407767965',82
'C140804810',7
'C1408489165',92
'C1409858085',82
'C1410823375',66
'C1411169363',84
'C1412753123',80
'C1413412440',55
'C1413774656',81
'C1414112698',82
'C1414374774',58
'C1415168453',93
'C1415453492',86
'C1415571957',83
'C1415704373',62
'C1415998962',96
'C1416816772',74
'C1417312384',74
'C1418055040',83
'C1418322275',79
'C1419235351',92
'C1419246450',83
'C1420354861',78
'C1420603517',84
'C1421006824',90
'C1421601814',84
'C1422393615',87
'C142251484',90
'C1423519115',47
'C1423633034',16
'C1423644375',84
'C1423828273',62
'C1424007721',90
'C1424475955',91
'C1425441042',69
'C1425719203',80
'C142595093',33
'C1426006139',75
'C1426091756',87
'C1426420214',86
'C1427325535',81
'C1427539236',58
'C1428252955',19
'C1429394820',93
'C1431362064',79
'C1431806998',82
'C1432191075',4
'C1432312197',96
'C1432825682',67
'C1433092877',89
'C1433132752',76
'C1433318702',77
'C1433843082',80
'C1434012857',23
'C1434797923',76
'C1434853621',84
'C143498560',80
'C1435043122',84
'C1435256152',74
'C1435653171',50
'C1436301390',84
'C1436756684',53
'C1437099450',83
'C1437990673',83
'C143836998',83
'C1438489717',72
'C1439299369',76
'C1439470393',97
'C1439880421',88
'C1440310601',91
'C1440340988',42
'C1440474435',64
'C1440755608',92
'C1440811710',95
'C1441133487',86
'C144168365',69
'C1445784416',97
'C1445931696',80
'C1446511647',100
'C144783459',90
'C144835944',45
'C1449000407',81
'C1450140987',71
'C1450354557',98
'C1450562088',82
'C1451561221',80
'C1452020181',94
'C1452053500',52
'C145208657',50
'C145230032',71
'C1452354279',84
'C1452504275',10
'C1453275851',73
'C1453715655',64
'C1453917071',59
'C1454671890',75
'C1454826238',9
'C1454930581',77
'C1455309687',41
'C1456029725',76
'C1456179400',70
'C1456851744',96
'C1457086535',83
'C1457092141',72
'C1457264318',81
'C1457388461',79
'C145901862',75
'C1459624061',91
'C1459810780',85
'C1460082550',60
'C1461183154',55
'C1461183743',18
'C1461258616',53
'C1461774305',89
'C1463141739',60
'C1463356115',82
'C1463833315',82
'C1464030920',82
'C1464489812',60
'C146494822',67
'C146553626',95
'C1465698425',75
'C1465725042',79
'C1466730207',79
'C1467497219',89
'C1467731939',74
'C1467832188',88
'C1468001998',63
'C1468082478',93
'C1468773146',100
'C1469453217',82
'C1469520420',4
'C1470676414',74
'C1471216995',91
'C1472480119',11
'C1472579779',91
'C1474149613',86
'C1474428806',88
'C1474786056',86
'C1474976180',91
'C1475317372',58
'C1475486134',83
'C1475799889',78
'C1476101537',91
'C1476138873',94
'C1476491893',97
'C1476505660',82
'C1477378413',11
'C1477499235',79
'C1478081031',80
'C1480064437',80
'C1480193980',77
'C1480367576',47
'C1480640363',24
'C1480799932',91
'C1482560016',92
'C1482659693',84
'C1483007108',82
'C1483054025',92
'C1483927110',26
'C1484573422',88
'C1484585237',83
'C1486017704',79
'C1486069778',74
'C1486961552',79
'C1487582791',68
'C148765233',88
'C1487874353',84
'C1487982242',86
'C1488142454',88
'C1489078579',90
'C1489294793',56
'C1489632788',28
'C1489836575',101
'C1490048317',32
'C1490416909',89
'C1490935984',21
'C1491288577',65
'C1491518488',73
'C1491844959',80
'C1492110515',73
'C1494778598',83
'C1494829095',39
'C149511515',47
'C1495486273',68
'C1495681901',74
'C1496334304',87
'C1496962993',54
'C149698808',100
'C1497135910',57
'C1497367004',91
'C1497615115',44
'C1497895052',100
'C1499019507',87
'C1499092508',92
'C1499241933',47
'C1499363341',75
'C1499701993',64
'C1501096176',8
'C1501124312',70
'C1501156188',79
'C1501782229',94
'C1502465707',72
'C150273597',90
'C1502804084',82
'C1503009287',65
'C1503504810',90
'C1504341710',85
'C150523972',73
'C1505370540',69
'C1505467955',93
'C150587559',56
'C1506066038',88
'C1506293914',67
'C1507237884',86
'C1508025585',77
'C150820973',88
'C1508373758',93
'C150891114',13
'C1509106340',58
'C1509603467',25
'C1509718305',93
'C1510402289',92
'C1510459992',74
'C1510535804',37
'C1511148959',62
'C1511497789',74
'C1511894714',72
'C1512353179',90
'C1512444326',85
'C1512732275',92
'C1513653440',82
'C1514271157',84
'C1514973352',87
'C1515184734',12
'C1516006997',95
'C1516302826',80
'C1516949785',42
'C151715772',85
'C1517707344',93
'C1517749848',80
'C1517820871',86
'C1519265307',73
'C1520545421',87
'C1520919939',73
'C1522289895',83
'C1523732855',36
'C1523854098',63
'C1524019070',81
'C1524407626',81
'C1525483242',69
'C1525581466',91
'C1526175877',95
'C1526367312',9
'C1527362143',67
'C15276068',100
'C152830802',93
'C1528848756',83
'C1529207541',82
'C1529464275',75
'C1529774854',84
'C1530098029',92
'C1530157952',91
'C1530262146',86
'C1530773220',81
'C1532144144',95
'C153258882',72
'C1532733169',90
'C1533000663',72
'C1533572842',74
'C1533664211',49
'C153419170',84
'C1535009453',61
'C1535419154',40
'C1535613790',41
'C1536083561',80
'C1536088502',99
'C1537824739',84
'C1537903478',50
'C1538635916',92
'C1538971214',79
'C1539370210',96
'C1539474222',14
'C153962249',9
'C1540577903',9
'C1541224095',80
'C1541237057',75
'C154191546',77
'C1542180842',87
'C1542255731',79
'C1542345868',85
'C1543555122',54
'C1543709139',80
'C1543824543',78
'C1545341907',81
'C1545484501',83
'C1545573016',42
'C1545977603',17
'C1546278193',69
'C1546820736',76
'C1546864044',86
'C1547003161',57
'C1547534233',90
'C1547689237',87
'C1548142512',87
'C15485686',37
'C1548873226',12
'C1549232957',89
'C1549322511',77
'C1549367339',87
'C154987119',56
'C1551083784',89
'C1551465414',81
'C1551572984',75
'C1552608695',84
'C1553941793',79
'C1554037473',84
'C155412783',85
'C1554849332',90
'C1555447628',59
'C1555517201',53
'C1556425826',79
'C1556534733',66
'C1556912476',86
'C1557448113',81
'C1557448880',85
'C1557540123',73
'C1557689947',88
'C1558014544',89
'C1558209795',89
'C1558803570',87
'C1559091388',88
'C155920620',78
'C1559339990',99
'C1560259762',74
'C1560676680',68
'C1560893361',85
'C1560904250',6
'C1561307190',73
'C1561544871',72
'C156162339',86
'C1562081159',6
'C1562537029',83
'C156263401',59
'C1562991705',69
'C1563705147',68
'C1564253251',30
'C1564260047',91
'C1564636486',4
'C1564693206',82
'C1565058518',86
'C1565570610',30
'C1566647188',69
'C1567160901',73
'C1567385001',82
'C1568308501',81
'C1568358546',82
'C1569014356',85
'C1569939854',91
'C1570165892',75
'C1571595392',5
'C1572595935',81
'C1572610482',51
'C1573211398',65
'C1574217480',80
'C157427068',93
'C1575099263',78
'C1575272013',55
'C1575367607',69
'C1575599226',18
'C1575842015',93
'C1576250855',56
'C1577104524',96
'C15777324',75
'C1577880868',86
'C1577983313',65
'C1579865062',77
'C1580025618',79
'C158030246',39
'C1580559195',99
'C1580712621',74
'C1580753738',37
'C1580955370',90
'C1581709798',89
'C1582152156',49
'C1582197917',88
'C1582366224',84
'C158319863',85
'C1584366693',84
'C1584479959',91
'C1585648581',88
'C1586463432',70
'C1586862598',40
'C1587738251',85
'C1589138432',79
'C1590275312',10
'C1590346257',90
'C1591008232',84
'C1591152121',88
'C1591441443',73
'C1591587046',96
'C1591612680',89
'C1591908890',74
'C1592279480',65
'C1592390864',88
'C1593769010',44
'C1594422820',90
'C1595099029',44
'C159675329',73
'C1597289593',88
'C1597422235',88
'C1597977404',73
'C1598533502',71
'C1598564853',49
'C1598762673',88
'C159913055',100
'C1599273075',85
'C1600642825',90
'C1600873622',81
'C1602614455',80
'C1602648292',49
'C1602759549',92
'C1603928569',91
'C1604376835',91
'C1605127736',86
'C1605182199',58
'C1605642067',94
'C1606614105',82
'C1607207670',58
'C1607323693',59
'C1607644979',26
'C1607867760',87
'C1609197353',62
'C1609425799',24
'C1610467120',89
'C1610565169',75
'C1610742916',81
'C161101673',82
'C1611113200',84
'C1612487865',38
'C1612748385',88
'C1612798177',85
'C1612832553',43
'C1613579866',90
'C1614239388',79
'C1615196201',88
'C1615671416',102
'C1615801620',91
'C161678291',87
'C1617276678',89
'C161733249',57
'C1617547021',52
'C1619197936',7
'C1619755203',83
'C1620127338',72
'C1620825260',81
'C1621026927',80
'C1621267054',87
'C1622016247',30
'C1622124632',80
'C1622415837',82
'C1622587363',77
'C1624198560',27
'C1624351292',84
'C1625937550',86
'C1626218926',57
'C1626806996',94
'C1627004719',84
'C1628225593',85
'C1628244008',19
'C1628447668',85
'C1629152705',82
'C1629621972',54
'C1629693561',94
'C1629765833',90
'C1630697663',99
'C1630887376',68
'C1631162170',75
'C1631930247',79
'C1632035340',56
'C1632932485',86
'C1633477199',82
'C1634492186',75
'C1634901253',97
'C1635345159',93
'C1635613216',79
'C1635987808',84
'C1637357651',80
'C1637529334',93
'C1638237205',95
'C1638268213',81
'C1638710158',88
'C1639665156',71
'C1640022626',78
'C1640437529',45
'C164104645',85
'C1641076533',88
'C1641760998',83
'C1642006830',98
'C1642125108',29
'C1642222517',60
'C1642374729',50
'C1642592478',84
'C1642689499',88
'C1643168823',80
'C1643499361',81
'C1644158733',97
'C1644291222',74
'C1645168081',67
'C1645276019',91
'C1645579872',89
'C1646244537',79
'C1646298550',87
'C1646349423',80
'C1646712119',76
'C1647495093',81
'C1647801193',73
'C1648056680',74
'C1648082819',86
'C1648096390',82
'C1648145906',69
'C1648492699',67
'C1648543319',66
'C1648683269',85
'C1649412954',74
'C165037464',95
'C1650590141',88
'C1651034737',61
'C1651213581',73
'C1651395634',82
'C1652856443',89
'C1653588482',28
'C1654186046',77
'C1655037147',37
'C1655514881',19
'C1655680166',75
'C1656381290',38
'C1656440641',96
'C1656946498',92
'C1657671280',5
'C1657707912',82
'C1657925669',99
'C1657987748',72
'C1658315324',91
'C1658450442',85
'C1658591237',84
'C1659350842',88
'C1660043980',97
'C1660594711',15
'C1660830591',88
'C16613795',86
'C1663056729',45
'C1663162700',59
'C166353588',69
'C1663641926',97
'C1666444221',79
'C1667002698',86
'C1667161948',51
'C1667929755',84
'C16680464',82
'C1668825144',91
'C1669649966',91
'C1670516684',87
'C1670779713',40
'C1670883164',71
'C1671770086',57
'C16723337',23
'C167330970',91
'C167378624',51
'C1674379117',86
'C1674674654',95
'C1675884425',97
'C1676378077',76
'C1677202028',76
'C1677624934',83
'C1679033854',62
'C16791543',76
'C1679430600',82
'C1679796651',80
'C1680004438',91
'C1680323951',83
'C1680347409',82
'C1681589600',90
'C168191673',86
'C1681976106',80
'C1682236855',95
'C168310052',92
'C1683471006',51
'C168361707',89
'C1683902488',38
'C1684213034',87
'C1685492470',43
'C168579211',84
'C1686035763',9
'C1686098746',27
'C1686676187',91
'C1687101094',84
'C168710517',80
'C1687722078',81
'C1687751654',85
'C1687903356',84
'C1688560702',64
'C1688605578',89
'C1689083890',77
'C16891369',74
'C1689346810',3
'C1689772812',92
'C1689884214',84
'C1690594556',77
'C1690793519',65
'C1690923384',75
'C1690988973',90
'C1690998552',59
'C1691073795',80
'C1692355722',82
'C169255115',72
'C169274898',76
'C1692967183',72
'C1693925346',76
'C1694039833',47
'C1694165271',87
'C1695454092',94
'C1697472909',82
'C1697528836',84
'C169775918',34
'C1697851479',80
'C1698085181',91
'C1698214137',86
'C1698653726',86
'C1699102063',61
'C170002529',82
'C1700159150',81
'C1700550154',52
'C1700873233',78
'C1701338775',94
'C1701618194',91
'C1701939629',53
'C1702053445',85
'C1702404555',90
'C1703319891',76
'C1703648667',84
'C1703739582',88
'C1704116821',95
'C170484334',79
'C1705346216',85
'C1705819997',75
'C1705927875',44
'C17059521',85
'C1706918687',72
'C1707421914',88
'C170769685',70
'C1708261114',60
'C1708403061',24
'C1708732499',96
'C1709958311',98
'C1710387865',81
'C1710930627',72
'C1711218892',88
'C1711371239',72
'C1711634686',89
'C1711699171',97
'C17132509',85
'C171345183',76
'C1713690936',8
'C1713848243',84
'C1714385979',63
'C1714676783',78
'C1714895875',43
'C171498975',85
'C1715139',74
'C1715338428',75
'C1715900756',64
'C1716617782',42
'C17166563',91
'C1717543260',103
'C1718279923',88
'C1718318682',83
'C1718591511',76
'C1718974481',89
'C1719044180',91
'C1719485237',93
'C1719535099',91
'C171977183',84
'C1720679886',72
'C1720950881',77
'C1721541488',75
'C1721990514',33
'C1722275939',22
'C1722987449',86
'C1723242462',69
'C1723688663',78
'C1723897078',71
'C1724556830',96
'C1726895756',61
'C172707110',58
'C1728122351',55
'C1728647108',33
'C1728997564',67
'C172921013',100
'C1729635847',92
'C1729776721',80
'C1730375460',95
'C1731135780',87
'C1731138845',78
'C1731163929',86
'C1731249040',93
'C1732307957',89
'C1732568163',43
'C1732609230',73
'C1732752834',101
'C173276320',89
'C1733778992',52
'C1734287915',108
'C1734487337',85
'C1734585073',96
'C1734862058',21
'C1734879586',84
'C1734948367',76
'C1735092211',79
'C1735726583',87
'C1735920391',86
'C17359646',63
'C1736027541',84
'C1736605496',83
'C1738944491',89
'C1739071229',90
'C1739468858',40
'C1739741081',86
'C1739998964',88
'C1740004679',82
'C1740186506',86
'C1740393527',97
'C1741037105',33
'C1741401017',81
'C1741615821',89
'C1743327214',91
'C1743392358',102
'C1744098311',87
'C1744280753',46
'C1744581762',85
'C1744858817',61
'C1745468920',89
'C1746579125',79
'C1747513604',50
'C1747786179',4
'C174977934',95
'C1750362802',77
'C1750373007',86
'C1750835738',81
'C1750881279',86
'C1751458006',10
'C1753498738',91
'C1754160937',20
'C1754543106',87
'C1755124222',84
'C1756466427',79
'C175698222',85
'C1757210259',91
'C17589297',86
'C1758950662',22
'C1760492708',85
'C1760524265',54
'C1760612790',86
'C1760986787',83
'C1761085759',79
'C1761250553',78
'C1761368684',51
'C1761432742',89
'C1762043633',68
'C1763311989',96
'C1763342131',88
'C1763371495',78
'C1763624260',98
'C176392439',92
'C1764447156',66
'C1765886577',81
'C1767072624',87
'C1767103563',100
'C1767734624',88
'C1767839998',79
'C1767929602',92
'C1768220463',78
'C1768385310',75
'C176878772',88
'C1769359992',100
'C1769401317',75
'C1769470125',89
'C1769927077',85
'C177123752',84
'C1771537982',67
'C1771632349',67
'C1771706228',60
'C1771717627',81
'C1772071898',78
'C1775239769',17
'C1775611696',45
'C1776310825',89
'C1777432937',84
'C1777502922',65
'C1777674460',84
'C1778512686',68
'C1778762788',78
'C1779394537',92
'C1780201239',96
'C1780497356',71
'C1780824451',66
'C1780829982',82
'C1781238594',95
'C1781924994',80
'C1781953799',30
'C1782998558',89
'C1783127345',83
'C1783206868',80
'C1783610571',85
'C1783773775',86
'C1784755412',97
'C1784864427',93
'C1786430014',88
'C1787239285',29
'C1787537369',86
'C1788210321',70
'C1788358708',78
'C1789457872',60
'C1790426542',89
'C1790520611',85
'C1791014902',34
'C1791347994',13
'C1791524453',82
'C1791559714',98
'C1791750813',52
'C1791793827',91
'C1791903269',85
'C179196508',80
'C1792734476',89
'C1793075309',83
'C1793707767',84
'C179390259',41
'C1794686407',84
'C179648560',48
'C1797237747',87
'C179748485',59
'C1798103026',70
'C1798653291',84
'C1799010144',92
'C1799527037',93
'C1799589925',69
'C1799882713',79
'C1800696439',85
'C1801015376',89
'C1801270098',88
'C1801713151',86
'C1802570035',76
'C1802714004',54
'C1803181641',91
'C1803182614',7
'C1803364571',92
'C1804573810',87
'C1806072501',85
'C1806256044',76
'C1806422891',69
'C1806963277',80
'C1807153148',83
'C1807259356',86
'C1807452084',57
'C1807567788',84
'C1807765388',88
'C1807970113',75
'C1808385426',84
'C1808415473',50
'C1808704110',75
'C1808964355',85
'C1809104609',86
'C180936571',90
'C1809615650',85
'C1809945143',73
'C1810630647',71
'C181111540',91
'C1811749392',83
'C1812521679',98
'C1812702959',88
'C1812935919',76
'C1813823560',43
'C1813956515',82
'C1814131114',91
'C181413412',4
'C1814746822',85
'C1814870538',101
'C1815102713',17
'C1815278899',73
'C1815496848',85
'C1815981756',98
'C1816212551',61
'C1816813783',68
'C1817318774',55
'C1817842389',34
'C181787207',87
'C1818021493',99
'C1818841328',87
'C1818893825',47
'C1819254965',85
'C1819552999',55
'C1819751403',74
'C1820624068',61
'C1820855004',76
'C1821035128',90
'C1821582093',86
'C1821681988',83
'C1822295676',6
'C1823983599',80
'C1825783439',75
'C1825851538',72
'C1825950751',84
'C1826105311',87
'C1827331929',76
'C1827713539',71
'C1828122',78
'C1828345671',87
'C1828416123',34
'C1828909550',34
'C182918114',69
'C1830336096',89
'C1830714840',101
'C1832119955',33
'C183270065',88
'C183456137',25
'C1834864466',90
'C1835412106',72
'C1836308269',56
'C1837200499',39
'C1837295173',76
'C1837321151',8
'C1838285576',96
'C1838494462',40
'C1838681949',84
'C1838948302',84
'C1839662768',59
'C1840158336',79
'C1840859519',51
'C1842441894',69
'C1844076143',84
'C1844695541',94
'C1844993068',60
'C1846080029',94
'C1846201961',77
'C1846274338',83
'C1846578588',72
'C1847111025',86
'C1847494890',84
'C1848884864',78
'C1849046345',95
'C1850482225',13
'C1850870588',76
'C1852091130',77
'C1853277977',76
'C1853365964',9
'C1853381059',84
'C1854104284',98
'C185428348',84
'C1855266571',72
'C1855338494',82
'C1855693993',80
'C1855857061',95
'C1857140958',82
'C1857263556',91
'C1857873865',88
'C185820405',83
'C1859195979',9
'C1860405125',84
'C1860775846',77
'C1861439904',81
'C1861455727',85
'C1861613802',82
'C1862169273',81
'C1862240946',78
'C1862384239',76
'C1862556322',93
'C1864289868',84
'C186469824',97
'C1864768620',58
'C186516178',64
'C1865204568',87
'C1866572071',87
'C1867566140',76
'C186769596',89
'C1867965524',99
'C1869142879',101
'C1869757503',83
'C1869939691',54
'C1870640785',91
'C1870872671',93
'C1870926183',85
'C1871125244',49
'C1871220408',34
'C1871594117',87
'C1872482068',102
'C1872660217',98
'C1872803698',89
'C1873446390',42
'C1873506157',88
'C1874220848',79
'C187473376',74
'C187514477',90
'C1875710426',88
'C1876476635',91
'C1876642037',89
'C1877622224',53
'C1877766749',77
'C1878030169',80
'C1878500339',91
'C1879341237',85
'C187965576',78
'C188084843',78
'C1881279773',98
'C1881495517',57
'C1881708420',84
'C1882101149',84
'C1882290962',48
'C1882920635',81
'C188367998',82
'C1883823119',84
'C1883962820',28
'C1884342559',67
'C1884908595',22
'C1885091211',77
'C1885719603',87
'C1885919902',84
'C1886601622',88
'C1886620334',64
'C1886871597',23
'C1887082660',74
'C1887326984',74
'C1887473486',93
'C188991095',96
'C1889984788',22
'C1890075917',60
'C1890191192',78
'C1890250226',80
'C189036899',48
'C1890466358',29
'C1890779401',48
'C1891401770',85
'C1892148523',68
'C1893177739',69
'C1893753407',82
'C189483600',54
'C1895615571',74
'C1895811684',74
'C1896147467',84
'C1896250849',81
'C1896828249',75
'C1896850232',98
'C1897313368',73
'C1897566795',72
'C1897689911',77
'C1897705669',101
'C1897708405',39
'C1897792872',6
'C189823798',74
'C1898673978',49
'C1899001756',78
'C1899061870',70
'C1899748276',99
'C1900716037',78
'C1901064095',87
'C190128751',78
'C1901383731',84
'C1902104464',87
'C1902378891',80
'C1902837467',100
'C1903005844',85
'C1903013338',15
'C1903765775',89
'C1903856065',84
'C190398591',87
'C1904086644',96
'C1904362781',76
'C1904416498',97
'C190521845',57
'C1905396523',83
'C1905402681',84
'C1906259613',78
'C1906711479',86
'C1906860092',95
'C1908894965',86
'C1908932714',74
'C1909173090',88
'C1909782411',80
'C1910153505',51
'C1911232863',62
'C1911281701',82
'C1911293580',86
'C1911908507',46
'C1913044357',91
'C1913127981',75
'C1913314890',86
'C1913473991',83
'C191366309',80
'C1914057832',90
'C1914083426',64
'C1914582232',62
'C1915276731',51
'C1915603015',92
'C1916796804',80
'C1918064652',85
'C1918088317',11
'C1918935856',82
'C1918953803',85
'C1920284556',95
'C1920498287',73
'C1921196241',81
'C1921248691',82
'C1922022324',88
'C1922157108',83
'C1923131377',79
'C1923945958',50
'C1924305208',5
'C1926972512',89
'C1927223566',87
'C1927346472',53
'C1927849279',62
'C1928005021',87
'C1928450094',87
'C1928637369',94
'C1928842916',79
'C1929167055',38
'C192974759',77
'C1929968596',84
'C1930072075',60
'C1930258744',81
'C1931570160',61
'C1931900243',81
'C1932334304',88
'C193297871',85
'C1933075111',68
'C1933962406',66
'C1934785516',88
'C1934886086',92
'C1935421495',78
'C1935661715',71
'C1936493073',87
'C1936855292',83
'C1937615372',85
'C1938976805',94
'C193924578',68
'C1939349733',91
'C1939799337',80
'C1940107136',45
'C194016923',88
'C1940215857',88
'C1940951230',85
'C1941160297',86
'C1941625566',94
'C1942983218',76
'C194301248',48
'C1943108967',71
'C1943207086',66
'C1943367280',84
'C1944210063',100
'C1944646841',82
'C1944878458',38
'C1945520078',78
'C1945950459',54
'C1947369699',65
'C1947400039',10
'C1948527523',81
'C194859196',85
'C1948728559',76
'C1949440316',71
'C1949469724',72
'C1949984685',85
'C1950237952',84
'C1950723662',89
'C1950870438',75
'C1951890364',87
'C1952040134',69
'C1952109278',96
'C1952580233',65
'C1952937534',90
'C1952969809',90
'C1953142190',97
'C195373250',87
'C1953872129',77
'C1954474578',81
'C1954706477',87
'C1954938610',82
'C1955375790',77
'C1956819896',86
'C1956908177',69
'C1956971543',85
'C1957046981',81
'C1959067413',78
'C1959396051',69
'C1959541246',79
'C1960297159',89
'C1960353164',94
'C1960578141',55
'C1960639712',88
'C1960866892',77
'C1962137244',92
'C1962291095',91
'C1962407385',83
'C1962882634',76
'C1963238862',45
'C1963249369',84
'C1963617384',100
'C1964602402',86
'C1965017830',88
'C1965115675',82
'C1965185304',39
'C1965496749',61
'C1965708710',35
'C1966364075',8
'C1966502638',92
'C1966686053',83
'C1966964007',52
'C1967337226',90
'C196786098',38
'C196806031',97
'C1968624098',86
'C1968779147',85
'C196888452',90
'C1969430351',80
'C1969886762',87
'C1969942970',78
'C1970738826',94
'C1971105040',81
'C1971153898',88
'C1971497679',65
'C1971736578',60
'C1973203074',75
'C1973547259',96
'C1973818754',89
'C1974668487',85
'C1975322645',55
'C1975392482',91
'C197543842',15
'C1975714155',95
'C1977058282',85
'C1977634536',81
'C1977646698',83
'C1977780197',54
'C197798791',90
'C1978080967',60
'C1978250683',120
'C1979396384',26
'C1980127627',56
'C1980302296',96
'C1980881901',90
'C1980965530',76
'C1981040988',41
'C1981089677',104
'C1981764666',59
'C19820082',80
'C1982277917',31
'C198230909',81
'C1982656265',78
'C1983511229',94
'C1983734850',47
'C1983968298',3
'C1983995504',87
'C1984017083',97
'C1984083185',73
'C1986046665',87
'C1986443469',70
'C1986701933',73
'C1987405562',81
'C1987985724',92
'C1988025089',79
'C1988407051',70
'C1990073844',82
'C1990341771',63
'C1990714179',34
'C1991820533',91
'C1991822900',87
'C1992185297',40
'C1992803690',83
'C1992960127',83
'C1993791093',76
'C1994178184',43
'C1994736634',56
'C1995039136',69
'C199512926',92
'C1995719338',46
'C1996249538',79
'C199664659',40
'C1996918734',90
'C1998442183',87
'C1999090638',78
'C1999699557',96
'C2000956624',69
'C2001133685',80
'C2001183195',85
'C2001505633',16
'C2002713196',30
'C2002750382',86
'C20027851',47
'C2003246685',69
'C200459252',90
'C2004941826',69
'C2005070127',56
'C2005093875',81
'C200511130',85
'C2005297705',96
'C2005372528',86
'C2005671734',94
'C2006367089',90
'C2007043031',85
'C2007253908',82
'C2007848056',21
'C2008400862',6
'C2008428493',81
'C2008562542',43
'C200882642',89
'C2009344338',27
'C2011457912',80
'C2011875751',62
'C2012683959',75
'C2012722039',58
'C2013867948',45
'C2013871968',81
'C201406562',57
'C2014169866',88
'C2014438912',87
'C2014729870',72
'C2014915363',6
'C2015203999',83
'C2015444413',18
'C2016264883',73
'C2016890783',70
'C2016997607',86
'C2017140130',36
'C2017390387',35
'C2018553540',73
'C2020967123',68
'C2021849962',89
'C2022102158',57
'C2023751717',94
'C20239039',83
'C202531238',89
'C2025967620',61
'C2026269026',58
'C2027052970',56
'C2027310658',62
'C2027325203',38
'C20274793',81
'C2027631548',44
'C2027892936',93
'C2028528769',73
'C2029028090',87
'C2029229218',11
'C2029865097',82
'C2030175121',87
'C2030210340',88
'C2031167542',68
'C203163727',83
'C2031701237',26
'C2032185280',70
'C2033310172',77
'C2033826237',68
'C2033860682',18
'C2033917877',7
'C203427830',81
'C2034859281',89
'C2035341190',83
'C2035771335',86
'C2036557936',82
'C2037169176',86
'C2037338028',78
'C2038018161',70
'C203802515',83
'C2038427935',82
'C2038979642',78
'C2039473569',83
'C2040640036',79
'C2041168843',46
'C2041218422',84
'C204205576',10
'C2042324703',87
'C2042503226',84
'C2043823425',81
'C2043927860',84
'C2044070952',88
'C2044183803',80
'C2044438336',71
'C204633978',88
'C2046797625',80
'C2046826424',39
'C2048375146',96
'C2048667042',58
'C2049000934',84
'C2049382420',82
'C2051145244',73
'C2051369004',69
'C2052617893',65
'C2053277267',81
'C2054233026',89
'C2054744914',41
'C2055009466',85
'C2055156879',91
'C2055186059',88
'C2055489140',46
'C2056015074',38
'C2057462116',87
'C205797331',91
'C2058916086',76
'C2059060401',28
'C2059136665',77
'C2060410910',4
'C206074131',77
'C2060778761',81
'C2060968828',98
'C206106585',54
'C206142588',85
'C2061535111',92
'C2062758473',72
'C2062869828',82
'C2063574289',87
'C2063978670',86
'C2064491438',81
'C2064655298',81
'C2065544312',49
'C2066612191',78
'C2066736149',71
'C2068249421',78
'C2068909690',77
'C2070292195',74
'C2070935783',84
'C2070990530',30
'C2070997908',89
'C2072009750',80
'C2073207955',67
'C207380283',92
'C2074365962',76
'C2074563683',82
'C2075157607',68
'C2075699398',86
'C207575907',91
'C207576555',96
'C2075898645',92
'C2075935351',72
'C2076439645',32
'C2076671849',29
'C2078039202',51
'C2078460335',79
'C2078688167',49
'C2079384186',79
'C2079453894',35
'C2080088206',52
'C2080100346',62
'C208151769',47
'C2081591507',90
'C2081956948',88
'C2082187659',10
'C2082605784',94
'C2083017854',40
'C2083329818',81
'C2084267589',89
'C2084449024',104
'C2084566155',39
'C2084933658',92
'C208514238',75
'C2085186254',53
'C2085650948',82
'C2086664398',94
'C2087229084',45
'C2087230127',77
'C2087715408',92
'C2088008854',89
'C2088631865',75
'C208889378',78
'C2089485741',92
'C2090486181',88
'C2091583256',81
'C2091703695',91
'C2092526272',86
'C2092733799',91
'C2093963973',56
'C2094120486',52
'C2094361013',60
'C2094478222',85
'C2095181585',86
'C2095429384',89
'C2095815783',36
'C2095938989',83
'C2095975270',7
'C2096265838',91
'C2096367617',45
'C2100371435',63
'C2100466386',84
'C2100602051',80
'C2100825064',92
'C2101882723',86
'C2102316964',89
'C210318225',68
'C2103685620',83
'C2104185147',89
'C2104407126',89
'C2104923127',101
'C2105324799',9
'C210563051',82
'C210584188',77
'C2106115023',99
'C2108669396',74
'C2109575612',76
'C2109595609',96
'C2110532720',83
'C2110568911',93
'C2110878299',78
'C2111849765',84
'C2112350124',69
'C2112563194',74
'C2112631749',76
'C2112751068',48
'C2113737065',37
'C2113973089',69
'C2114634161',64
'C2115344024',90
'C2115574807',87
'C211657450',38
'C2116616608',81
'C2117244434',74
'C2117326082',50
'C2117552812',104
'C2117938225',85
'C2118328869',66
'C2119675022',85
'C2120153320',69
'C2120296918',96
'C2120633706',94
'C21207783',77
'C2121874810',77
'C212188289',63
'C2123693067',71
'C2123823248',84
'C2125297333',97
'C2125787399',110
'C2126019044',90
'C2126436338',96
'C2126563017',69
'C2126657609',13
'C2126946323',89
'C2127479268',88
'C2128227866',33
'C2128263275',46
'C2128589842',80
'C2128712024',69
'C2129810887',40
'C2129964241',75
'C2130327838',72
'C2130871815',60
'C2130894809',17
'C2131498052',30
'C213197624',87
'C2132111174',89
'C2132909556',93
'C2132916640',74
'C2132932756',88
'C2134043204',54
'C2134399963',80
'C2134625729',87
'C2136008441',64
'C2136169439',80
'C2136232396',90
'C2136422351',75
'C2136553361',80
'C2137070408',86
'C2137381129',9
'C2138532527',8
'C2138823885',93
'C2140000055',95
'C2140112247',30
'C2140473917',84
'C2141677873',74
'C2143703121',87
'C2144163136',81
'C2144330803',48
'C2144562698',74
'C2145337724',72
'C2145448250',87
'C2145933360',93
'C214836772',81
'C215334224',76
'C21670075',78
'C217572786',26
'C218446443',84
'C220694569',50
'C220904895',94
'C221508235',52
'C22162402',98
'C222098023',76
'C223315547',77
'C225675370',95
'C226102422',54
'C226835436',57
'C226946948',75
'C227186054',81
'C227356089',98
'C227554892',77
'C228023479',89
'C228319796',74
'C228882909',86
'C22920054',83
'C229592862',75
'C229665572',81
'C230488939',80
'C23049140',87
'C230958403',52
'C231044523',75
'C231476583',7
'C232299558',73
'C232369406',95
'C232517457',88
'C233539413',34
'C233548839',75
'C234264885',69
'C235397460',88
'C235542568',80
'C23569509',92
'C23582994',75
'C236106052',86
'C236847402',92
'C236932311',40
'C236999052',91
'C23740594',82
'C238162071',67
'C238779431',72
'C23992005',35
'C240900578',88
'C241071592',25
'C241463462',79
'C24198147',87
'C243130666',4
'C245019752',96
'C245117318',56
'C245908628',91
'C24691837',74
'C247537602',79
'C247656929',86
'C248927068',86
'C249282739',88
'C249473604',74
'C249907687',76
'C250546729',91
'C251449240',92
'C251602943',97
'C251630036',101
'C251875213',29
'C252172114',88
'C252625411',49
'C25346278',93
'C253956131',38
'C255059556',51
'C255101565',80
'C255292461',80
'C255691679',71
'C256152889',39
'C256310721',89
'C257361511',85
'C25759288',73
'C257664421',73
'C259132706',91
'C259158925',82
'C260437492',91
'C26045684',78
'C260840933',87
'C260927654',73
'C261398093',84
'C261466841',64
'C261768480',77
'C262282046',82
'C262404738',85
'C263489307',28
'C263788122',26
'C26438018',90
'C264736518',67
'C264950364',7
'C265405940',83
'C267009229',77
'C26716153',82
'C267284908',85
'C26746445',80
'C267593624',78
'C268686998',89
'C268823556',34
'C268949400',81
'C269960003',86
'C270217031',81
'C2704357',70
'C27106217',27
'C271457213',74
'C27152267',97
'C272471718',89
'C272748313',70
'C272752096',94
'C274026379',76
'C274387846',52
'C274486575',6
'C274747841',36
'C275926123',30
'C276142295',86
'C276409392',46
'C276623362',89
'C277079859',17
'C277720476',79
'C278409847',65
'C278484907',30
'C278501873',58
'C278676105',83
'C279066833',86
'C279399121',34
'C279936687',46
'C28023491',78
'C28065321',4
'C280778280',85
'C281474709',93
'C281893917',78
'C282166299',56
'C282411136',70
'C282483842',75
'C283266984',63
'C284165615',84
'C285306155',78
'C285513182',85
'C285545076',77
'C285580881',59
'C285984841',86
'C286236136',69
'C286547187',82
'C286580355',76
'C287182059',38
'C287533643',94
'C288613043',72
'C288684762',91
'C288727438',70
'C289617636',100
'C289653430',26
'C290140685',86
'C290487175',30
'C291671443',90
'C292682242',95
'C294759668',11
'C294914134',83
'C295094185',68
'C295271306',90
'C295362058',90
'C296571542',89
'C296630818',79
'C297347471',86
'C297351696',76
'C297432139',55
'C297745197',81
'C298317613',87
'C298468219',85
'C299068475',83
'C299357678',81
'C299734038',73
'C299858046',86
'C300052027',47
'C300112558',78
'C30024621',78
'C301422123',28
'C301483725',85
'C301739259',11
'C302774270',79
'C30336615',68
'C303533554',34
'C30374753',77
'C304677660',84
'C306641104',44
'C306839491',56
'C306854291',74
'C307655955',81
'C309177915',26
'C309334921',89
'C309780280',75
'C310220915',90
'C310751417',75
'C311188483',62
'C311783581',80
'C312053639',80
'C312072263',72
'C313157633',72
'C313266037',57
'C317314063',83
'C318417129',82
'C318717540',83
'C318818410',102
'C319933645',88
'C320158645',67
'C320437746',87
'C321375878',40
'C322786133',36
'C322802193',89
'C323226584',72
'C323852731',38
'C323912860',100
'C323996741',68
'C324262354',84
'C324333692',84
'C324498528',67
'C325775693',79
'C32640811',82
'C326482046',89
'C326815335',86
'C327430270',73
'C328208842',93
'C330615170',16
'C331622323',82
'C332190038',13
'C332229910',87
'C332239974',80
'C33256704',92
'C332611573',84
'C332628188',50
'C332727422',75
'C333185464',92
'C333484923',90
'C333991833',95
'C334073161',87
'C33469777',88
'C334817037',94
'C334841918',78
'C335592096',61
'C336519851',93
'C337109624',83
'C337165520',87
'C337291476',84
'C338406777',89
'C338456981',80
'C339075311',58
'C339181872',86
'C339926892',11
'C339931011',77
'C34104097',79
'C34111179',39
'C341292164',69
'C341886098',92
'C342292849',4
'C342410301',58
'C343512101',88
'C343535530',36
'C343982358',64
'C344209010',79
'C344248234',80
'C344259725',80
'C34441666',69
'C345640256',81
'C345742557',106
'C345996643',16
'C346030769',57
'C346428597',77
'C346693029',83
'C34676686',70
'C347453747',97
'C347987512',90
'C34948851',44
'C350034124',24
'C350348759',80
'C350553475',77
'C350626061',42
'C351144071',65
'C351252839',81
'C351880818',76
'C352261908',80
'C352968107',76
'C353418507',57
'C353502635',90
'C353985741',81
'C354098761',79
'C354729496',49
'C354971512',83
'C356750222',102
'C356873706',84
'C357634845',73
'C35785606',99
'C358037591',88
'C358247377',59
'C359221218',68
'C359363895',89
'C359628860',89
'C359668643',83
'C359698649',88
'C360019679',93
'C360122873',64
'C362654279',93
'C362857866',85
'C363006417',50
'C363029037',86
'C363287468',78
'C364273844',73
'C364635096',83
'C365096731',66
'C365152877',87
'C36546691',83
'C366069783',68
'C366397964',46
'C366601563',83
'C367052603',27
'C367433559',96
'C368299362',80
'C369046885',86
'C369115109',73
'C369405043',93
'C369566106',45
'C369805136',80
'C370861553',84
'C371396143',81
'C371517012',15
'C371570992',98
'C371812005',82
'C371877246',58
'C373567366',79
'C373733261',77
'C374053775',70
'C374616385',38
'C375144053',48
'C375459759',49
'C376073938',60
'C37682628',76
'C377075708',86
'C377517197',81
'C378899672',76
'C379301962',65
'C380082625',51
'C380412694',98
'C380564257',73
'C380911997',87
'C381007057',54
'C381250974',99
'C381446674',81
'C381528901',85
'C382004679',56
'C38227648',76
'C382331420',62
'C38251321',71
'C382789952',82
'C383264569',89
'C383368009',77
'C383709704',60
'C384136428',57
'C384665757',95
'C385721880',78
'C386205251',89
'C386332652',83
'C387520458',90
'C388262831',73
'C389212629',10
'C389281305',85
'C389387421',82
'C390271010',19
'C39112485',82
'C391642320',79
'C393216567',74
'C393339341',85
'C394469483',75
'C394488921',24
'C394979408',79
'C395414939',4
'C395508103',92
'C395508885',80
'C39607150',76
'C396716441',97
'C396866523',65
'C3977999',81
'C39858251',80
'C398651508',83
'C39890933',96
'C399061526',22
'C399389739',86
'C399777042',70
'C399875163',75
'C400803731',86
'C401828466',82
'C402571153',27
'C402758720',67
'C402994775',77
'C403631555',90
'C403994735',20
'C404075543',60
'C404247926',97
'C404536294',83
'C405168301',27
'C405614551',34
'C407219337',90
'C407368472',89
'C407936671',84
'C408598280',44
'C408690006',99
'C409317605',25
'C409331076',82
'C409740988',93
'C411345215',89
'C411390898',22
'C411880353',96
'C412473162',50
'C413065793',39
'C413242191',94
'C413455659',61
'C413843100',92
'C41461366',85
'C416536713',84
'C416655198',84
'C417225282',63
'C417267123',66
'C417650106',60
'C417912401',82
'C418638324',76
'C419087520',85
'C419754917',65
'C420340345',84
'C420348872',95
'C421432072',36
'C422003518',19
'C422403315',18
'C423250256',59
'C423379854',85
'C423454023',84
'C423891632',96
'C424790668',75
'C425397379',32
'C426128777',96
'C426715237',47
'C42779194',81
'C427983732',82
'C428024823',73
'C428728055',18
'C429242189',87
'C430016376',46
'C430171917',90
'C430579454',49
'C430880678',100
'C43130617',88
'C431496464',45
'C432013067',84
'C432449092',89
'C433139335',89
'C433355159',85
'C433481742',75
'C435572486',34
'C435637901',83
'C43587827',74
'C436675602',87
'C436675850',77
'C437189630',84
'C437836513',75
'C438204842',34
'C438541016',80
'C438957460',88
'C439601438',86
'C439977323',66
'C440111595',83
'C440694138',35
'C441400844',32
'C44151986',70
'C44197733',79
'C441989517',60
'C442137737',75
'C442850319',45
'C443009341',13
'C444370508',87
'C445134555',33
'C445178285',46
'C445432762',83
'C446179646',90
'C446298173',80
'C447056233',68
'C447271561',82
'C447373253',78
'C447509116',89
'C447736219',58
'C448362974',85
'C44857022',105
'C448612141',96
'C449179311',29
'C449262890',51
'C450299456',19
'C450548035',88
'C450584964',72
'C450845582',73
'C450949430',48
'C451189693',77
'C451582208',95
'C454239699',79
'C454240137',38
'C455036670',74
'C456338836',55
'C457497998',83
'C458379262',93
'C459123820',105
'C459595150',63
'C460167545',86
'C460218551',98
'C46027917',75
'C461156176',97
'C461219673',14
'C461669469',102
'C46234453',108
'C463539622',60
'C463841109',61
'C464042268',98
'C465037281',69
'C465897830',44
'C466569235',70
'C466769207',85
'C467035555',73
'C469059843',87
'C469767739',52
'C469822988',56
'C470079617',86
'C471003383',75
'C471166875',70
'C47208933',55
'C472989518',78
'C473451132',28
'C47376492',91
'C47462628',69
'C474847450',10
'C474891377',81
'C474894075',79
'C475340225',95
'C475624028',46
'C475831512',63
'C475928775',84
'C476313806',87
'C476466255',86
'C476477241',85
'C47652503',83
'C477542874',102
'C477595630',92
'C477892356',47
'C47809392',85
'C478503155',54
'C478715873',100
'C478820701',94
'C479535332',80
'C480118707',69
'C480669012',64
'C480951921',83
'C480961011',73
'C480975116',90
'C481108455',83
'C481253497',89
'C481773197',96
'C48179336',35
'C483009385',90
'C483485800',98
'C483912131',41
'C484067548',19
'C484268062',97
'C484986935',74
'C485578112',78
'C486343841',100
'C486662508',36
'C486996910',82
'C487243829',89
'C487569403',74
'C488606576',92
'C489185823',88
'C489708690',92
'C490092965',85
'C490238464',94
'C490558731',86
'C492776916',74
'C494777408',85
'C495124555',66
'C495473039',48
'C495652708',86
'C496697462',3
'C497088099',79
'C497246334',79
'C497553923',75
'C49864446',36
'C499129070',58
'C49915499',92
'C499760818',38
'C50049566',73
'C500712433',24
'C500992269',87
'C502238060',9
'C503124737',73
'C503433561',82
'C506003529',85
'C506520283',91
'C506565122',48
'C507179979',85
'C507185945',67
'C507831273',86
'C5079947',86
'C508633218',77
'C509362814',86
'C509546455',83
'C509860014',87
'C510046708',64
'C510795907',5
'C510934446',82
'C511635087',7
'C512338137',95
'C512783217',57
'C512928735',54
'C513710252',68
'C514238360',35
'C51444479',86
'C514864285',73
'C515668508',105
'C515794745',58
'C516824110',11
'C517412999',85
'C518028573',89
'C5191822',12
'C519449235',84
'C521087514',64
'C521129957',38
'C521213907',57
'C521436442',86
'C521595859',20
'C52277164',11
'C522845009',45
'C52299933',77
'C524035200',49
'C524644424',89
'C524663308',85
'C525158878',84
'C525850964',54
'C526384621',92
'C526635102',84
'C528277773',71
'C528877098',77
'C528985379',68
'C529033504',40
'C529135239',39
'C529768403',84
'C529952024',75
'C530444699',87
'C530747890',82
'C531109799',50
'C531360588',89
'C531724764',91
'C532118459',84
'C532292379',87
'C533940472',63
'C534961358',107
'C53497422',86
'C535324444',65
'C536412201',39
'C537330939',27
'C537423962',70
'C5377162',82
'C53785803',78
'C538394574',59
'C539791425',92
'C540538956',9
'C543938207',81
'C544997662',85
'C545102882',78
'C545248492',76
'C54550671',31
'C545527660',69
'C545840720',81
'C546000387',74
'C546328029',74
'C546386486',78
'C546697817',20
'C546927133',84
'C546957379',76
'C54706398',81
'C547610089',8
'C548185127',54
'C548427290',54
'C54876469',94
'C550190826',89
'C551080865',88
'C55178455',71
'C553121592',31
'C553434543',87
'C554819698',95
'C555482626',93
'C559852072',44
'C559952121',99
'C560376591',88
'C560478089',47
'C56197730',84
'C563092648',89
'C563130428',92
'C563214866',64
'C564451627',83
'C564473555',90
'C564489242',76
'C564600361',86
'C566232847',90
'C566582492',74
'C566598245',99
'C566628469',91
'C56690195',86
'C566987196',78
'C567616900',82
'C567897093',87
'C56852547',40
'C56859969',60
'C570277915',47
'C570913468',99
'C571254990',31
'C57136184',89
'C571527976',65
'C571876967',58
'C572671067',79
'C572709519',61
'C572958608',90
'C573104116',76
'C573965612',79
'C574062699',77
'C574289698',103
'C574852748',62
'C5748649',51
'C575345520',45
'C576358551',31
'C576436654',81
'C576453501',88
'C576545848',89
'C576597517',73
'C577335130',90
'C578309168',21
'C578700012',65
'C579037870',38
'C579648989',89
'C581581060',65
'C581878341',82
'C582022575',83
'C582173326',87
'C582479974',85
'C582688427',103
'C583110837',72
'C58324694',86
'C58432631',96
'C585290792',77
'C585299069',81
'C585317135',84
'C586110529',30
'C586511331',61
'C58668191',56
'C586830923',78
'C587016440',94
'C587216359',75
'C587299231',91
'C588719767',88
'C588841669',81
'C588937224',84
'C589097761',53
'C590614528',91
'C59149030',78
'C591563666',37
'C59263760',53
'C592679392',84
'C592765908',35
'C592766342',67
'C594146637',37
'C59433821',94
'C594793398',40
'C595076943',34
'C595459074',61
'C597122637',41
'C59713083',87
'C597262762',88
'C597641228',53
'C597908249',89
'C598089944',93
'C598452144',72
'C59912595',99
'C599293124',84
'C599638364',68
'C599675908',67
'C599960999',76
'C60026962',9
'C601235628',99
'C601255458',5
'C602096181',92
'C602373594',77
'C602498884',47
'C602544155',81
'C603081336',85
'C60324613',14
'C60351691',89
'C603564532',83
'C604267980',69
'C604378279',11
'C605522883',91
'C605859862',92
'C605904636',76
'C606355103',82
'C606518659',43
'C606861698',77
'C607062277',40
'C607479057',87
'C607521473',83
'C607532274',89
'C607766298',60
'C608244416',87
'C608407663',94
'C608547225',86
'C609359335',40
'C609452246',84
'C6094907',89
'C610735261',77
'C611182051',32
'C61142824',73
'C611520731',10
'C612005121',89
'C612045723',81
'C612230385',58
'C612357573',79
'C612581943',24
'C614111561',60
'C615155713',88
'C615281750',83
'C615816786',78
'C616472041',86
'C616528518',63
'C616715154',39
'C617179674',84
'C617323407',72
'C617723960',29
'C619451848',52
'C619464090',44
'C620327304',85
'C620542168',91
'C620551378',86
'C621230638',85
'C62153477',81
'C623466885',57
'C623601481',42
'C624012210',55
'C625569664',48
'C626305923',52
'C626467543',72
'C626836922',84
'C627811000',80
'C628112283',86
'C628232611',87
'C629170053',9
'C629808856',54
'C629942205',28
'C630302845',43
'C630392370',74
'C630871084',91
'C631654729',89
'C632176173',71
'C632538178',42
'C632643861',49
'C634714812',90
'C635222317',84
'C635603510',78
'C636259913',98
'C637279747',11
'C637831009',89
'C638119430',69
'C638163213',89
'C638223659',81
'C638838388',82
'C638917294',70
'C639532055',95
'C639558755',92
'C639699427',42
'C642158646',48
'C642324097',45
'C642583859',45
'C64314422',5
'C6433096',64
'C643323409',105
'C644344959',77
'C644541754',10
'C644590864',95
'C644663928',72
'C645521146',31
'C645539039',41
'C64700533',70
'C647089636',93
'C647327489',81
'C647931416',8
'C648063518',78
'C648467088',70
'C649077628',66
'C650108285',86
'C650117238',3
'C651594350',56
'C652001804',97
'C652253057',87
'C652364872',51
'C653084813',50
'C653252303',87
'C653835530',81
'C65424442',24
'C655150548',81
'C655625028',76
'C655866157',67
'C656031620',83
'C656075868',82
'C656405809',77
'C65683893',82
'C656851338',92
'C656901929',25
'C657290155',92
'C658175205',97
'C658256470',84
'C659009992',90
'C660024200',100
'C660232446',49
'C660475396',74
'C660690290',74
'C661876608',57
'C662015024',76
'C662187574',77
'C662396672',80
'C662836745',74
'C662931726',77
'C662948645',98
'C663226052',88
'C664109131',34
'C665247956',23
'C665566426',81
'C667215072',77
'C668289079',93
'C668875156',88
'C669906110',80
'C671392477',73
'C671449181',10
'C671524709',95
'C672742304',98
'C672794326',77
'C673048498',79
'C673469784',92
'C673994225',73
'C67418210',83
'C676156739',75
'C676229147',81
'C677202538',69
'C677561666',87
'C677660361',86
'C678324895',11
'C678683295',83
'C678697032',86
'C679458582',85
'C680687990',41
'C682298914',78
'C682529129',80
'C682814633',91
'C684153556',94
'C684162308',34
'C686064678',85
'C686669439',94
'C688041542',60
'C688652575',27
'C68881864',73
'C689850593',88
'C691839786',40
'C691894544',12
'C692102449',82
'C692285338',58
'C693174391',84
'C69317479',102
'C693907036',56
'C694265356',89
'C694574500',79
'C69477057',88
'C695108722',100
'C695481887',80
'C696052681',97
'C696720817',45
'C696806398',80
'C697242067',95
'C698318224',86
'C698358493',85
'C699081415',27
'C700553509',39
'C700940580',96
'C701909142',72
'C702798720',73
'C703281362',94
'C703418892',81
'C704456922',42
'C706599076',12
'C706685788',92
'C706757729',77
'C706956926',14
'C707234445',86
'C707326919',89
'C707360147',60
'C707755349',87
'C707769587',50
'C707845856',85
'C708968659',78
'C709211172',89
'C70991061',68
'C710270523',6
'C71120756',81
'C711451919',50
'C711859898',95
'C712367267',87
'C712473227',98
'C713872230',83
'C714086473',69
'C715527139',6
'C717345438',79
'C71746980',37
'C71763178',74
'C717773873',65
'C718589253',38
'C718801730',90
'C718962269',78
'C719205737',77
'C719332132',89
'C71938921',87
'C719449879',49
'C719598710',42
'C7197142',81
'C720418898',82
'C721654925',72
'C722399783',93
'C722447556',71
'C722887134',81
'C722922832',16
'C723171448',94
'C723217997',79
'C723509264',45
'C72353846',92
'C723652619',11
'C724380392',85
'C72452640',78
'C725094717',60
'C725307945',86
'C725705195',85
'C727502065',18
'C727658706',65
'C728039227',80
'C728432657',76
'C728864298',78
'C729168812',85
'C729632719',16
'C730142143',59
'C730733765',4
'C731767226',91
'C732095806',100
'C732771224',72
'C734397713',82
'C734817849',73
'C735039923',101
'C735563623',94
'C736721523',61
'C73726310',71
'C73760959',63
'C737765767',80
'C738091100',5
'C73919470',79
'C739589782',77
'C739658140',70
'C739732151',68
'C741680636',88
'C741739992',72
'C742393642',69
'C742560751',91
'C742784538',79
'C743791359',78
'C743934970',78
'C744066701',59
'C744126786',53
'C744245203',92
'C74457300',104
'C744859144',86
'C745099746',80
'C746599731',76
'C746604092',80
'C746711867',8
'C746862122',61
'C747175090',82
'C747353905',77
'C747590731',89
'C748216113',86
'C748358246',89
'C74848504',84
'C749077907',71
'C74966273',50
'C750572020',93
'C750714109',18
'C751491447',41
'C751786199',76
'C751887992',10
'C75208519',93
'C752270622',81
'C752356138',76
'C752612398',45
'C75274383',82
'C75278863',90
'C753013685',89
'C755000520',86
'C755108533',89
'C755615643',74
'C756645719',82
'C757234945',49
'C757503768',71
'C757950779',79
'C758426828',39
'C758849918',71
'C759167881',94
'C759236361',69
'C759264122',78
'C759915530',76
'C759940472',87
'C760223382',85
'C760368405',56
'C76052944',91
'C761166755',85
'C761606185',28
'C762614808',82
'C762865358',48
'C763005836',84
'C76313164',104
'C763253161',81
'C763681944',88
'C764048448',83
'C764092576',89
'C764316727',41
'C764950264',28
'C765155274',96
'C766302474',16
'C766494418',95
'C767740583',58
'C76780537',83
'C769422228',86
'C76969430',80
'C769941724',26
'C77017704',80
'C770308839',66
'C771207119',88
'C771874671',76
'C772895850',68
'C773517519',65
'C77415586',101
'C774836418',100
'C775101977',70
'C775363285',93
'C775533998',94
'C775739646',87
'C776775180',89
'C777438443',57
'C777863522',85
'C777971561',82
'C778028540',91
'C778323844',96
'C779868884',97
'C779872024',79
'C781096653',85
'C781322360',88
'C782199851',89
'C78230690',83
'C783189419',11
'C783259685',71
'C784005201',94
'C784046647',14
'C784613823',79
'C784763814',61
'C785603838',83
'C786249459',84
'C78631448',25
'C787259637',73
'C788057671',14
'C788955662',52
'C78938440',83
'C789852022',78
'C790395954',74
'C790593937',66
'C790600178',29
'C791033780',88
'C791154308',61
'C792341594',92
'C792765429',54
'C792820521',3
'C793132240',58
'C793890087',82
'C795132749',84
'C79727066',9
'C797980818',93
'C798268011',93
'C798657650',76
'C798889135',82
'C799349963',76
'C800272493',95
'C800379810',84
'C800967034',82
'C801383032',80
'C801797246',83
'C802146030',82
'C802590979',76
'C803065678',83
'C803365419',82
'C804094956',69
'C805014659',81
'C805469502',75
'C805483863',60
'C806399525',113
'C806943770',20
'C808326652',81
'C808977147',80
'C809005315',35
'C809339851',53
'C809674942',88
'C809708190',85
'C810002129',31
'C810134226',80
'C810336569',11
'C810569063',90
'C811312110',81
'C811638781',54
'C812882942',87
'C813128680',81
'C813347783',30
'C813472343',86
'C813786166',54
'C814079066',86
'C814878326',93
'C815064001',86
'C815186263',83
'C81568098',94
'C816519533',91
'C817389751',88
'C817774765',85
'C819131219',93
'C819388154',72
'C819690995',90
'C819978438',89
'C82010125',27
'C820456300',93
'C82079505',96
'C821630606',84
'C822689044',99
'C822948524',41
'C823141445',86
'C823286801',75
'C823379702',87
'C823678601',89
'C823680818',32
'C823847346',41
'C823891015',85
'C824256643',48
'C824676284',81
'C824784700',94
'C825610448',16
'C825622087',50
'C825739161',85
'C825744832',81
'C825969892',80
'C826715503',83
'C826734487',12
'C827350474',53
'C827822455',86
'C828968085',71
'C830053540',78
'C830078297',95
'C830856919',81
'C83086349',82
'C831378949',57
'C831905583',50
'C83204562',87
'C832611882',79
'C833126375',49
'C834739424',86
'C834963773',89
'C835284421',47
'C835291219',9
'C835705223',92
'C83613815',67
'C836424975',83
'C83651461',81
'C836959718',69
'C837031785',90
'C837113913',93
'C839245179',13
'C839839520',87
'C840054516',40
'C840928568',74
'C841616397',89
'C841747618',61
'C841817769',65
'C841956493',94
'C842799656',88
'C842993265',89
'C843083567',75
'C843090653',83
'C843458267',18
'C844005460',38
'C844772824',12
'C845102514',88
'C846596637',44
'C846609537',82
'C846682077',74
'C846889180',52
'C848293063',85
'C848308923',72
'C848738212',67
'C849065220',5
'C849342403',72
'C85075290',79
'C851156881',97
'C851417480',89
'C85142763',56
'C851731350',92
'C851871528',77
'C85192293',33
'C852586467',59
'C85388733',61
'C854479209',95
'C855082400',87
'C855112247',94
'C855942730',100
'C855978131',77
'C856303631',74
'C856318696',73
'C856674856',82
'C85676975',86
'C857032107',81
'C858011639',91
'C858160484',48
'C859276623',85
'C85945497',88
'C859628493',87
'C859741683',75
'C860156566',93
'C861002792',81
'C861479162',80
'C861856179',68
'C86186949',84
'C861930901',90
'C862267590',90
'C862633345',97
'C862785719',80
'C864134074',67
'C864252220',63
'C864602023',83
'C864655240',97
'C86466018',54
'C864725258',81
'C866263389',92
'C867847701',68
'C868061193',98
'C868096672',81
'C868607067',7
'C868933598',103
'C869394149',47
'C869565327',80
'C869807132',43
'C869954068',74
'C870367228',79
'C870503362',85
'C871505790',94
'C871962456',49
'C872043603',32
'C872112161',74
'C873821675',89
'C874212917',78
'C87462443',93
'C874655320',94
'C874725016',86
'C875898611',89
'C875900250',29
'C876777476',85
'C876944738',87
'C87697988',78
'C877486986',71
'C877773949',41
'C878904462',81
'C879260717',27
'C879614402',79
'C879949041',83
'C880299982',74
'C880450043',39
'C880625364',107
'C881073190',73
'C881776576',51
'C882083718',74
'C88292631',88
'C883419967',88
'C883803148',93
'C88392294',84
'C885081673',81
'C885208928',97
'C885237696',27
'C885283469',91
'C885555910',90
'C886146370',95
'C886658445',82
'C886993530',86
'C891364505',78
'C892313955',79
'C892377311',91
'C892586401',51
'C892943299',79
'C893276958',86
'C893284971',102
'C893911190',89
'C894204131',13
'C894687005',87
'C895105444',31
'C895429374',63
'C895561340',3
'C896561469',85
'C896659218',46
'C896887653',91
'C896894357',81
'C897057254',87
'C897612698',35
'C897883896',88
'C898690183',75
'C899204870',98
'C899638721',60
'C899813705',77
'C899895612',73
'C900235765',85
'C900337975',61
'C900612785',81
'C90085212',76
'C901025251',81
'C901400531',84
'C90150703',76
'C901739086',76
'C902837455',97
'C903333805',9
'C903741897',14
'C904725981',10
'C905744010',82
'C906611945',90
'C907665937',77
'C907777350',91
'C907877340',21
'C908162687',80
'C908342050',76
'C908646797',63
'C908718101',73
'C909053762',21
'C909525375',82
'C909582983',10
'C910454738',45
'C910969605',92
'C911078435',75
'C911139709',92
'C911364935',84
'C911582672',87
'C911735174',89
'C912222039',16
'C912671040',69
'C913662681',91
'C913841043',29
'C913863966',84
'C914000857',91
'C914243510',92
'C914250073',59
'C914285365',83
'C914488986',73
'C915430510',80
'C915739806',23
'C916497516',90
'C916694479',61
'C9169170',87
'C917831365',88
'C918296398',93
'C918659260',77
'C918933783',62
'C91915601',90
'C919751066',85
'C920335350',59
'C922544599',45
'C92282564',88
'C923543549',61
'C923875417',76
'C923919564',85
'C92426600',46
'C924804429',98
'C926583171',79
'C926672832',67
'C927282395',84
'C927696302',96
'C927766810',101
'C927830595',74
'C928090253',19
'C928479694',93
'C928481238',56
'C929298953',31
'C929919235',47
'C931370744',68
'C93241312',81
'C932908444',38
'C935791733',80
'C936435497',88
'C936786093',95
'C936853935',97
'C937166633',53
'C938819633',96
'C938915039',94
'C939437404',46
'C939735585',88
'C940143351',75
'C940412764',43
'C941334726',95
'C941369654',31
'C942160317',78
'C943088790',55
'C944367934',80
'C944634193',92
'C944695695',75
'C944711585',42
'C946935568',30
'C947010068',81
'C947156375',77
'C947315968',34
'C948004275',103
'C949023995',85
'C949116847',85
'C949319027',82
'C950325755',86
'C95082443',50
'C951578955',77
'C951660772',81
'C951689990',84
'C951702775',91
'C952397244',65
'C95356',57
'C954150626',93
'C954359387',51
'C954636025',80
'C955592184',88
'C956414645',77
'C956700475',82
'C956794113',83
'C956898918',93
'C956954767',86
'C95715318',82
'C957324981',91
'C957771834',79
'C958780730',90
'C959023117',80
'C959506480',70
'C961154945',57
'C961515074',88
'C961738915',73
'C962248715',92
'C962830776',83
'C963460752',69
'C96407618',81
'C964123988',26
'C964635168',81
'C964866248',67
'C96508773',97
'C965421722',70
'C965801920',65
'C965952231',83
'C966214713',50
'C966335674',65
'C966602067',86
'C966984015',93
'C967109509',90
'C967677653',66
'C967790734',61
'C967956630',23
'C968150727',75
'C96868586',82
'C968819483',77
'C968861433',73
'C969284083',86
'C969635352',88
'C969824969',51
'C970538683',93
'C970603000',75
'C970704037',80
'C971766834',40
'C971838371',55
'C972314568',46
'C974315171',76
'C975044667',94
'C975211427',85
'C976209265',88
'C976232384',60
'C976805632',11
'C978276840',83
'C978637475',80
'C979437396',86
'C98014803',61
'C980181294',68
'C980475207',85
'C980876590',88
'C98091448',97
'C982406682',83
'C983636862',35
'C983659750',80
'C984099618',92
'C985141335',49
'C985732014',70
'C985780492',62
'C986156699',89
'C986553990',90
'C98687952',72
'C98707741',72
'C987620594',93
'C987677028',75
'C987955759',83
'C989137021',84
'C989137613',13
'C989321907',68
C99017559',92
'C990997956',90
'C991774315',83
'C99215049',80
'C993027768',81
'C993553940',89
'C994449484',13
'C994739890',94
'C995235283',40
'C995746715',50
'C995844287',71
'C99594781',94
'C996326258',62
'C996804095',91
'C997029022',42
'C99729647',75
'C998690782',85
'C998987490',91
'C999393223',66
'C999723254',60
